,Mês/Ano,Região Origem,Região Destino,Vendas de Biodiesel
0,01/2017,NORDESTE,NORDESTE,20803
1,01/2017,NORTE / CENTRO OESTE,CENTRO OESTE,47184
2,01/2017,NORTE / CENTRO OESTE,NORDESTE,27238
3,01/2017,NORTE / CENTRO OESTE,NORTE,7777
4,01/2017,NORTE / CENTRO OESTE,SUDESTE,23102
5,01/2017,NORTE / CENTRO OESTE,SUL,786
6,01/2017,SUDESTE,NORDESTE,6188
7,01/2017,SUDESTE,SUDESTE,17844
8,01/2017,SUL,SUDESTE,44269
9,01/2017,SUL,SUL,60014
10,02/2017,NORDESTE,NORDESTE,17853
11,02/2017,NORTE / CENTRO OESTE,CENTRO OESTE,36440
12,02/2017,NORTE / CENTRO OESTE,NORDESTE,29086
13,02/2017,NORTE / CENTRO OESTE,NORTE,7511
14,02/2017,NORTE / CENTRO OESTE,SUDESTE,33163
15,02/2017,NORTE / CENTRO OESTE,SUL,1281
16,02/2017,SUDESTE,NORDESTE,5629
17,02/2017,SUDESTE,SUDESTE,17097
18,02/2017,SUDESTE,SUL,329
19,02/2017,SUL,SUDESTE,40600
20,02/2017,SUL,SUL,63074
21,03/2017,NORDESTE,NORDESTE,21992
22,03/2017,NORTE / CENTRO OESTE,CENTRO OESTE,47942
23,03/2017,NORTE / CENTRO OESTE,NORDESTE,30651
24,03/2017,NORTE / CENTRO OESTE,NORTE,16628
25,03/2017,NORTE / CENTRO OESTE,SUDESTE,44317
26,03/2017,NORTE / CENTRO OESTE,SUL,1727
27,03/2017,SUDESTE,NORDESTE,7141
28,03/2017,SUDESTE,SUDESTE,12194
29,03/2017,SUDESTE,SUL,41
30,03/2017,SUL,SUDESTE,62436
31,03/2017,SUL,SUL,91635
32,04/2017,NORDESTE,NORDESTE,21306
33,04/2017,NORTE / CENTRO OESTE,CENTRO OESTE,38273
34,04/2017,NORTE / CENTRO OESTE,NORDESTE,36508
35,04/2017,NORTE / CENTRO OESTE,NORTE,10153
36,04/2017,NORTE / CENTRO OESTE,SUDESTE,47724
37,04/2017,NORTE / CENTRO OESTE,SUL,1016
38,04/2017,SUDESTE,NORDESTE,6162
39,04/2017,SUDESTE,SUDESTE,11896
40,04/2017,SUL,NORDESTE,43
41,04/2017,SUL,SUDESTE,59870
42,04/2017,SUL,SUL,82124
43,05/2017,NORDESTE,NORDESTE,21451
44,05/2017,NORTE / CENTRO OESTE,CENTRO OESTE,44413
45,05/2017,NORTE / CENTRO OESTE,NORDESTE,44214
46,05/2017,NORTE / CENTRO OESTE,NORTE,13278
47,05/2017,NORTE / CENTRO OESTE,SUDESTE,47384
48,05/2017,NORTE / CENTRO OESTE,SUL,1726
49,05/2017,SUDESTE,NORDESTE,7296
50,05/2017,SUDESTE,SUDESTE,17478
51,05/2017,SUL,SUDESTE,71251
52,05/2017,SUL,SUL,85141
53,06/2017,NORDESTE,NORDESTE,20966
54,06/2017,NORTE / CENTRO OESTE,CENTRO OESTE,47538
55,06/2017,NORTE / CENTRO OESTE,NORDESTE,39063
56,06/2017,NORTE / CENTRO OESTE,NORTE,16646
57,06/2017,NORTE / CENTRO OESTE,SUDESTE,43912
58,06/2017,NORTE / CENTRO OESTE,SUL,3480
59,06/2017,SUDESTE,CENTRO OESTE,285
60,06/2017,SUDESTE,NORDESTE,8140
61,06/2017,SUDESTE,SUDESTE,17726
62,06/2017,SUL,NORDESTE,34
63,06/2017,SUL,SUDESTE,66446
64,06/2017,SUL,SUL,82009
65,07/2017,NORDESTE,NORDESTE,25110
66,07/2017,NORDESTE,SUDESTE,42
67,07/2017,NORTE / CENTRO OESTE,CENTRO OESTE,46431
68,07/2017,NORTE / CENTRO OESTE,NORDESTE,37425
69,07/2017,NORTE / CENTRO OESTE,NORTE,17294
70,07/2017,NORTE / CENTRO OESTE,SUDESTE,49273
71,07/2017,NORTE / CENTRO OESTE,SUL,1539
72,07/2017,SUDESTE,CENTRO OESTE,33
73,07/2017,SUDESTE,NORDESTE,5832
74,07/2017,SUDESTE,SUDESTE,23868
75,07/2017,SUDESTE,SUL,44
76,07/2017,SUL,SUDESTE,60863
77,07/2017,SUL,SUL,88509
78,08/2017,NORDESTE,NORDESTE,28508
79,08/2017,NORDESTE,SUDESTE,430
80,08/2017,NORTE / CENTRO OESTE,CENTRO OESTE,48678
81,08/2017,NORTE / CENTRO OESTE,NORDESTE,40570
82,08/2017,NORTE / CENTRO OESTE,NORTE,19152
83,08/2017,NORTE / CENTRO OESTE,SUDESTE,53788
84,08/2017,NORTE / CENTRO OESTE,SUL,1560
85,08/2017,SUDESTE,NORDESTE,959
86,08/2017,SUDESTE,SUDESTE,31905
87,08/2017,SUDESTE,SUL,41
88,08/2017,SUL,SUDESTE,68170
89,08/2017,SUL,SUL,90268
90,09/2017,NORDESTE,NORDESTE,27688
91,09/2017,NORDESTE,SUDESTE,87
92,09/2017,NORTE / CENTRO OESTE,CENTRO OESTE,41938
93,09/2017,NORTE / CENTRO OESTE,NORDESTE,45190
94,09/2017,NORTE / CENTRO OESTE,NORTE,18364
95,09/2017,NORTE / CENTRO OESTE,SUDESTE,43390
96,09/2017,NORTE / CENTRO OESTE,SUL,979
97,09/2017,SUDESTE,SUDESTE,37285
98,09/2017,SUL,SUDESTE,69745
99,09/2017,SUL,SUL,97665
100,10/2017,NORDESTE,NORDESTE,29714
101,10/2017,NORTE / CENTRO OESTE,CENTRO OESTE,46176
102,10/2017,NORTE / CENTRO OESTE,NORDESTE,46200
103,10/2017,NORTE / CENTRO OESTE,NORTE,20911
104,10/2017,NORTE / CENTRO OESTE,SUDESTE,39392
105,10/2017,NORTE / CENTRO OESTE,SUL,496
106,10/2017,SUDESTE,CENTRO OESTE,85
107,10/2017,SUDESTE,NORDESTE,117
108,10/2017,SUDESTE,SUDESTE,37811
109,10/2017,SUDESTE,SUL,43
110,10/2017,SUL,CENTRO OESTE,372
111,10/2017,SUL,SUDESTE,68134
112,10/2017,SUL,SUL,97490
113,11/2017,NORDESTE,NORDESTE,28561
114,11/2017,NORDESTE,SUDESTE,671
115,11/2017,NORTE / CENTRO OESTE,CENTRO OESTE,39969
116,11/2017,NORTE / CENTRO OESTE,NORDESTE,45442
117,11/2017,NORTE / CENTRO OESTE,NORTE,20319
118,11/2017,NORTE / CENTRO OESTE,SUDESTE,40114
119,11/2017,NORTE / CENTRO OESTE,SUL,1117
120,11/2017,SUDESTE,CENTRO OESTE,57
121,11/2017,SUDESTE,NORDESTE,80
122,11/2017,SUDESTE,SUDESTE,29081
123,11/2017,SUL,NORDESTE,392
124,11/2017,SUL,SUDESTE,69673
125,11/2017,SUL,SUL,87857
126,12/2017,NORDESTE,NORDESTE,26143
127,12/2017,NORTE / CENTRO OESTE,CENTRO OESTE,35831
128,12/2017,NORTE / CENTRO OESTE,NORDESTE,50946
129,12/2017,NORTE / CENTRO OESTE,NORTE,17056
130,12/2017,NORTE / CENTRO OESTE,SUDESTE,35933
131,12/2017,SUDESTE,NORDESTE,83
132,12/2017,SUDESTE,SUDESTE,28919
133,12/2017,SUL,NORDESTE,315
134,12/2017,SUL,SUDESTE,63074
135,12/2017,SUL,SUL,83546
136,01/2018,NORDESTE,NORDESTE,28567
137,01/2018,NORTE / CENTRO OESTE,CENTRO OESTE,33959
138,01/2018,NORTE / CENTRO OESTE,NORDESTE,26357
139,01/2018,NORTE / CENTRO OESTE,NORTE,28027
140,01/2018,NORTE / CENTRO OESTE,SUDESTE,34158
141,01/2018,NORTE / CENTRO OESTE,SUL,84
142,01/2018,SUDESTE,NORDESTE,909
143,01/2018,SUDESTE,SUDESTE,25526
144,01/2018,SUL,SUDESTE,65263
145,01/2018,SUL,SUL,70901
146,02/2018,NORDESTE,CENTRO OESTE,336
147,02/2018,NORDESTE,NORDESTE,27394
148,02/2018,NORTE / CENTRO OESTE,CENTRO OESTE,45178
149,02/2018,NORTE / CENTRO OESTE,NORDESTE,22729
150,02/2018,NORTE / CENTRO OESTE,NORTE,28093
151,02/2018,NORTE / CENTRO OESTE,SUDESTE,32304
152,02/2018,NORTE / CENTRO OESTE,SUL,221
153,02/2018,SUDESTE,CENTRO OESTE,29
154,02/2018,SUDESTE,NORDESTE,962
155,02/2018,SUDESTE,SUDESTE,38214
156,02/2018,SUL,SUDESTE,61817
157,02/2018,SUL,SUL,81834
158,03/2018,NORDESTE,NORDESTE,27069
159,03/2018,NORDESTE,SUDESTE,1159
160,03/2018,NORTE / CENTRO OESTE,CENTRO OESTE,57191
161,03/2018,NORTE / CENTRO OESTE,NORDESTE,40981
162,03/2018,NORTE / CENTRO OESTE,NORTE,32911
163,03/2018,NORTE / CENTRO OESTE,SUDESTE,49433
164,03/2018,NORTE / CENTRO OESTE,SUL,415
165,03/2018,SUDESTE,SUDESTE,42513
166,03/2018,SUL,SUDESTE,68238
167,03/2018,SUL,SUL,105657
168,04/2018,NORDESTE,NORDESTE,30805
169,04/2018,NORTE / CENTRO OESTE,CENTRO OESTE,66413
170,04/2018,NORTE / CENTRO OESTE,NORDESTE,39199
171,04/2018,NORTE / CENTRO OESTE,NORTE,37191
172,04/2018,NORTE / CENTRO OESTE,SUDESTE,53240
173,04/2018,NORTE / CENTRO OESTE,SUL,1193
174,04/2018,SUDESTE,CENTRO OESTE,87
175,04/2018,SUDESTE,NORDESTE,43
176,04/2018,SUDESTE,SUDESTE,42943
177,04/2018,SUDESTE,SUL,40
178,04/2018,SUL,NORTE,115
179,04/2018,SUL,SUDESTE,75500
180,04/2018,SUL,SUL,106203
181,05/2018,NORDESTE,NORDESTE,23773
182,05/2018,NORDESTE,SUDESTE,87
183,05/2018,NORTE / CENTRO OESTE,CENTRO OESTE,59841
184,05/2018,NORTE / CENTRO OESTE,NORDESTE,30547
185,05/2018,NORTE / CENTRO OESTE,NORTE,22533
186,05/2018,NORTE / CENTRO OESTE,SUDESTE,30426
187,05/2018,SUDESTE,NORDESTE,866
188,05/2018,SUDESTE,SUDESTE,28094
189,05/2018,SUL,SUDESTE,65033
190,05/2018,SUL,SUL,87104
191,06/2018,NORDESTE,NORDESTE,33999
192,06/2018,NORDESTE,SUDESTE,306
193,06/2018,NORTE / CENTRO OESTE,CENTRO OESTE,76328
194,06/2018,NORTE / CENTRO OESTE,NORDESTE,38794
195,06/2018,NORTE / CENTRO OESTE,NORTE,37758
196,06/2018,NORTE / CENTRO OESTE,SUDESTE,56820
197,06/2018,NORTE / CENTRO OESTE,SUL,792
198,06/2018,SUDESTE,NORDESTE,1146
199,06/2018,SUDESTE,SUDESTE,41343
200,06/2018,SUL,SUDESTE,92396
201,06/2018,SUL,SUL,110379
202,07/2018,NORDESTE,NORDESTE,27422
203,07/2018,NORTE / CENTRO OESTE,CENTRO OESTE,77662
204,07/2018,NORTE / CENTRO OESTE,NORDESTE,44251
205,07/2018,NORTE / CENTRO OESTE,NORTE,37092
206,07/2018,NORTE / CENTRO OESTE,SUDESTE,48516
207,07/2018,NORTE / CENTRO OESTE,SUL,192
208,07/2018,SUDESTE,NORDESTE,1131
209,07/2018,SUDESTE,SUDESTE,38631
210,07/2018,SUDESTE,SUL,42
211,07/2018,SUL,NORDESTE,170
212,07/2018,SUL,SUDESTE,96250
213,07/2018,SUL,SUL,111841
214,08/2018,NORDESTE,NORDESTE,27648
215,08/2018,NORTE / CENTRO OESTE,CENTRO OESTE,77619
216,08/2018,NORTE / CENTRO OESTE,NORDESTE,51936
217,08/2018,NORTE / CENTRO OESTE,NORTE,43472
218,08/2018,NORTE / CENTRO OESTE,SUDESTE,43589
219,08/2018,NORTE / CENTRO OESTE,SUL,292
220,08/2018,SUDESTE,NORDESTE,1913
221,08/2018,SUDESTE,SUDESTE,43171
222,08/2018,SUDESTE,SUL,84
223,08/2018,SUL,NORDESTE,220
224,08/2018,SUL,SUDESTE,102776
225,08/2018,SUL,SUL,119348
226,09/2018,NORDESTE,NORDESTE,32862
227,09/2018,NORTE / CENTRO OESTE,CENTRO OESTE,71346
228,09/2018,NORTE / CENTRO OESTE,NORDESTE,45987
229,09/2018,NORTE / CENTRO OESTE,NORTE,40473
230,09/2018,NORTE / CENTRO OESTE,SUDESTE,48461
231,09/2018,NORTE / CENTRO OESTE,SUL,638
232,09/2018,SUDESTE,SUDESTE,44590
233,09/2018,SUDESTE,SUL,41
234,09/2018,SUL,SUDESTE,83446
235,09/2018,SUL,SUL,104933
236,10/2018,NORDESTE,NORDESTE,30195
237,10/2018,NORTE / CENTRO OESTE,CENTRO OESTE,78585
238,10/2018,NORTE / CENTRO OESTE,NORDESTE,52496
239,10/2018,NORTE / CENTRO OESTE,NORTE,44346
240,10/2018,NORTE / CENTRO OESTE,SUDESTE,51065
241,10/2018,NORTE / CENTRO OESTE,SUL,98
242,10/2018,SUDESTE,CENTRO OESTE,840
243,10/2018,SUDESTE,NORDESTE,703
244,10/2018,SUDESTE,SUDESTE,40510
245,10/2018,SUDESTE,SUL,86
246,10/2018,SUL,SUDESTE,97963
247,10/2018,SUL,SUL,108751
248,11/2018,NORDESTE,NORDESTE,41828
249,11/2018,NORTE / CENTRO OESTE,CENTRO OESTE,73149
250,11/2018,NORTE / CENTRO OESTE,NORDESTE,35603
251,11/2018,NORTE / CENTRO OESTE,NORTE,44055
252,11/2018,NORTE / CENTRO OESTE,SUDESTE,55816
253,11/2018,NORTE / CENTRO OESTE,SUL,41
254,11/2018,SUDESTE,NORDESTE,1098
255,11/2018,SUDESTE,SUDESTE,36507
256,11/2018,SUL,SUDESTE,86612
257,11/2018,SUL,SUL,114554
258,12/2018,NORDESTE,NORDESTE,38819
259,12/2018,NORTE / CENTRO OESTE,CENTRO OESTE,64648
260,12/2018,NORTE / CENTRO OESTE,NORDESTE,37072
261,12/2018,NORTE / CENTRO OESTE,NORTE,43733
262,12/2018,NORTE / CENTRO OESTE,SUDESTE,58043
263,12/2018,SUDESTE,NORDESTE,1319
264,12/2018,SUDESTE,SUDESTE,39235
265,12/2018,SUL,SUDESTE,72407
266,12/2018,SUL,SUL,102671
267,01/2019,NORDESTE,NORDESTE,41791
268,01/2019,NORTE / CENTRO OESTE,CENTRO OESTE,63470
269,01/2019,NORTE / CENTRO OESTE,NORDESTE,31944
270,01/2019,NORTE / CENTRO OESTE,NORTE,40700
271,01/2019,NORTE / CENTRO OESTE,SUDESTE,42760
272,01/2019,NORTE / CENTRO OESTE,SUL,278
273,01/2019,SUDESTE,NORDESTE,1353
274,01/2019,SUDESTE,SUDESTE,39853
275,01/2019,SUDESTE,SUL,41
276,01/2019,SUL,SUDESTE,78773
277,01/2019,SUL,SUL,100851
278,02/2019,NORDESTE,NORDESTE,38469
279,02/2019,NORTE / CENTRO OESTE,CENTRO OESTE,68587
280,02/2019,NORTE / CENTRO OESTE,NORDESTE,24934
281,02/2019,NORTE / CENTRO OESTE,NORTE,38970
282,02/2019,NORTE / CENTRO OESTE,SUDESTE,41780
283,02/2019,SUDESTE,NORDESTE,1311
284,02/2019,SUDESTE,SUDESTE,40536
285,02/2019,SUL,SUDESTE,79638
286,02/2019,SUL,SUL,95054
287,03/2019,NORDESTE,NORDESTE,30183
288,03/2019,NORTE / CENTRO OESTE,CENTRO OESTE,74575
289,03/2019,NORTE / CENTRO OESTE,NORDESTE,39775
290,03/2019,NORTE / CENTRO OESTE,NORTE,36380
291,03/2019,NORTE / CENTRO OESTE,SUDESTE,48439
292,03/2019,NORTE / CENTRO OESTE,SUL,2749
293,03/2019,SUDESTE,NORDESTE,1274
294,03/2019,SUDESTE,SUDESTE,31922
295,03/2019,SUDESTE,SUL,174
296,03/2019,SUL,SUDESTE,77596
297,03/2019,SUL,SUL,108778
298,04/2019,NORDESTE,NORDESTE,32236
299,04/2019,NORTE / CENTRO OESTE,CENTRO OESTE,72678
300,04/2019,NORTE / CENTRO OESTE,NORDESTE,38561
301,04/2019,NORTE / CENTRO OESTE,NORTE,34074
302,04/2019,NORTE / CENTRO OESTE,SUDESTE,55258
303,04/2019,NORTE / CENTRO OESTE,SUL,2100
304,04/2019,SUDESTE,SUDESTE,37894
305,04/2019,SUL,SUDESTE,82672
306,04/2019,SUL,SUL,113302
307,05/2019,NORDESTE,NORDESTE,38228
308,05/2019,NORTE / CENTRO OESTE,CENTRO OESTE,69254
309,05/2019,NORTE / CENTRO OESTE,NORDESTE,29405
310,05/2019,NORTE / CENTRO OESTE,NORTE,32066
311,05/2019,NORTE / CENTRO OESTE,SUDESTE,54806
312,05/2019,NORTE / CENTRO OESTE,SUL,1639
313,05/2019,SUDESTE,NORDESTE,933
314,05/2019,SUDESTE,SUDESTE,34255
315,05/2019,SUL,SUDESTE,81618
316,05/2019,SUL,SUL,100656
317,06/2019,NORDESTE,NORDESTE,40027
318,06/2019,NORTE / CENTRO OESTE,CENTRO OESTE,70431
319,06/2019,NORTE / CENTRO OESTE,NORDESTE,33658
320,06/2019,NORTE / CENTRO OESTE,NORTE,31507
321,06/2019,NORTE / CENTRO OESTE,SUDESTE,56734
322,06/2019,NORTE / CENTRO OESTE,SUL,1279
323,06/2019,SUDESTE,NORDESTE,1101
324,06/2019,SUDESTE,SUDESTE,39335
325,06/2019,SUDESTE,SUL,41
326,06/2019,SUL,SUDESTE,81223
327,06/2019,SUL,SUL,98639
328,07/2019,NORDESTE,NORDESTE,35905
329,07/2019,NORTE / CENTRO OESTE,CENTRO OESTE,83714
330,07/2019,NORTE / CENTRO OESTE,NORDESTE,38296
331,07/2019,NORTE / CENTRO OESTE,NORTE,35177
332,07/2019,NORTE / CENTRO OESTE,SUDESTE,68200
333,07/2019,NORTE / CENTRO OESTE,SUL,471
334,07/2019,SUDESTE,NORDESTE,1842
335,07/2019,SUDESTE,SUDESTE,34626
337,07/2019,SUL,SUDESTE,85674
338,07/2019,SUL,SUL,114265
339,08/2019,NORDESTE,NORDESTE,37987
340,08/2019,NORDESTE,SUDESTE,273
341,08/2019,NORTE / CENTRO OESTE,CENTRO OESTE,80469
342,08/2019,NORTE / CENTRO OESTE,NORDESTE,42393
343,08/2019,NORTE / CENTRO OESTE,NORTE,38351
344,08/2019,NORTE / CENTRO OESTE,SUDESTE,65361
345,08/2019,NORTE / CENTRO OESTE,SUL,848
346,08/2019,SUDESTE,NORDESTE,1812
347,08/2019,SUDESTE,SUDESTE,38121
348,08/2019,SUDESTE,SUL,40
349,08/2019,SUL,SUDESTE,91671
350,08/2019,SUL,SUL,106460
351,09/2019,NORDESTE,NORDESTE,38682
352,09/2019,NORTE / CENTRO OESTE,CENTRO OESTE,88728
353,09/2019,NORTE / CENTRO OESTE,NORDESTE,45411
354,09/2019,NORTE / CENTRO OESTE,NORTE,48352
355,09/2019,NORTE / CENTRO OESTE,SUDESTE,57669
356,09/2019,NORTE / CENTRO OESTE,SUL,1618
357,09/2019,SUDESTE,CENTRO OESTE,84
358,09/2019,SUDESTE,NORDESTE,115
359,09/2019,SUDESTE,SUDESTE,44052
360,09/2019,SUL,SUDESTE,114215
361,09/2019,SUL,SUL,116044
362,10/2019,NORDESTE,NORDESTE,43160
363,10/2019,NORTE / CENTRO OESTE,CENTRO OESTE,96955
364,10/2019,NORTE / CENTRO OESTE,NORDESTE,46432
365,10/2019,NORTE / CENTRO OESTE,NORTE,54341
366,10/2019,NORTE / CENTRO OESTE,SUDESTE,56271
367,10/2019,NORTE / CENTRO OESTE,SUL,2251
368,10/2019,SUDESTE,CENTRO OESTE,298
369,10/2019,SUDESTE,NORDESTE,763
370,10/2019,SUDESTE,SUDESTE,52021
371,10/2019,SUDESTE,SUL,40
373,10/2019,SUL,SUDESTE,121395
374,10/2019,SUL,SUL,130626
375,11/2019,NORDESTE,NORDESTE,40637
376,11/2019,NORTE / CENTRO OESTE,CENTRO OESTE,79140
377,11/2019,NORTE / CENTRO OESTE,NORDESTE,45356
378,11/2019,NORTE / CENTRO OESTE,NORTE,43531
379,11/2019,NORTE / CENTRO OESTE,SUDESTE,56304
380,11/2019,NORTE / CENTRO OESTE,SUL,378
381,11/2019,SUDESTE,CENTRO OESTE,124
382,11/2019,SUDESTE,NORDESTE,314
383,11/2019,SUDESTE,SUDESTE,49048
384,11/2019,SUL,SUDESTE,91006
385,11/2019,SUL,SUL,121817
386,12/2019,NORDESTE,NORDESTE,40109
387,12/2019,NORTE / CENTRO OESTE,CENTRO OESTE,77507
388,12/2019,NORTE / CENTRO OESTE,NORDESTE,42073
389,12/2019,NORTE / CENTRO OESTE,NORTE,41699
390,12/2019,NORTE / CENTRO OESTE,SUDESTE,50019
391,12/2019,NORTE / CENTRO OESTE,SUL,404
392,12/2019,SUDESTE,CENTRO OESTE,40
393,12/2019,SUDESTE,NORDESTE,435
394,12/2019,SUDESTE,SUDESTE,44718
396,12/2019,SUL,SUDESTE,82196
397,12/2019,SUL,SUL,113052
398,01/2020,NORDESTE,NORDESTE,44191
399,01/2020,NORTE / CENTRO OESTE,CENTRO OESTE,74430
400,01/2020,NORTE / CENTRO OESTE,NORDESTE,31831
401,01/2020,NORTE / CENTRO OESTE,NORTE,47241
402,01/2020,NORTE / CENTRO OESTE,SUDESTE,48818
403,01/2020,NORTE / CENTRO OESTE,SUL,392
404,01/2020,SUDESTE,CENTRO OESTE,450
405,01/2020,SUDESTE,SUDESTE,32986
406,01/2020,SUL,SUDESTE,84651
407,01/2020,SUL,SUL,118478
408,02/2020,NORDESTE,NORDESTE,42855
409,02/2020,NORDESTE,SUDESTE,55
410,02/2020,NORTE / CENTRO OESTE,CENTRO OESTE,76453
411,02/2020,NORTE / CENTRO OESTE,NORDESTE,31202
412,02/2020,NORTE / CENTRO OESTE,NORTE,48241
413,02/2020,NORTE / CENTRO OESTE,SUDESTE,49490
414,02/2020,NORTE / CENTRO OESTE,SUL,1002
415,02/2020,SUDESTE,CENTRO OESTE,255
416,02/2020,SUDESTE,NORDESTE,125
417,02/2020,SUDESTE,SUDESTE,36565
418,02/2020,SUL,CENTRO OESTE,93
419,02/2020,SUL,SUDESTE,84391
420,02/2020,SUL,SUL,112224
421,03/2020,NORDESTE,NORDESTE,32947
422,03/2020,NORTE / CENTRO OESTE,CENTRO OESTE,84278
423,03/2020,NORTE / CENTRO OESTE,NORDESTE,40291
424,03/2020,NORTE / CENTRO OESTE,NORTE,41906
425,03/2020,NORTE / CENTRO OESTE,SUDESTE,72392
426,03/2020,NORTE / CENTRO OESTE,SUL,592
427,03/2020,SUDESTE,NORDESTE,1900
428,03/2020,SUDESTE,SUDESTE,47944
429,03/2020,SUDESTE,SUL,594
430,03/2020,SUL,SUDESTE,79364
431,03/2020,SUL,SUL,125860
432,04/2020,NORDESTE,NORDESTE,31843
433,04/2020,NORTE / CENTRO OESTE,CENTRO OESTE,58451
434,04/2020,NORTE / CENTRO OESTE,NORDESTE,36767
435,04/2020,NORTE / CENTRO OESTE,NORTE,34447
436,04/2020,NORTE / CENTRO OESTE,SUDESTE,72880
437,04/2020,NORTE / CENTRO OESTE,SUL,97
438,04/2020,SUDESTE,NORDESTE,1647
439,04/2020,SUDESTE,SUDESTE,38323
440,04/2020,SUDESTE,SUL,453
441,04/2020,SUL,SUDESTE,74455
442,04/2020,SUL,SUL,118022
443,05/2020,NORDESTE,NORDESTE,30186
444,05/2020,NORTE / CENTRO OESTE,CENTRO OESTE,86663
445,05/2020,NORTE / CENTRO OESTE,NORDESTE,35815
446,05/2020,NORTE / CENTRO OESTE,NORTE,41712
447,05/2020,NORTE / CENTRO OESTE,SUDESTE,51948
448,05/2020,NORTE / CENTRO OESTE,SUL,102
449,05/2020,SUDESTE,CENTRO OESTE,382
450,05/2020,SUDESTE,SUDESTE,28008
451,05/2020,SUL,SUDESTE,103492
452,05/2020,SUL,SUL,121407
453,06/2020,NORDESTE,CENTRO OESTE,154
454,06/2020,NORDESTE,NORDESTE,36811
455,06/2020,NORDESTE,NORTE,365
456,06/2020,NORDESTE,SUDESTE,393
457,06/2020,NORTE / CENTRO OESTE,CENTRO OESTE,78278
458,06/2020,NORTE / CENTRO OESTE,NORDESTE,37700
459,06/2020,NORTE / CENTRO OESTE,NORTE,48252
460,06/2020,NORTE / CENTRO OESTE,SUDESTE,52992
461,06/2020,NORTE / CENTRO OESTE,SUL,958
462,06/2020,SUDESTE,CENTRO OESTE,278
463,06/2020,SUDESTE,NORDESTE,138
464,06/2020,SUDESTE,SUDESTE,42782
465,06/2020,SUDESTE,SUL,507
466,06/2020,SUL,NORDESTE,131
467,06/2020,SUL,SUDESTE,104220
468,06/2020,SUL,SUL,121837
469,07/2020,NORDESTE,NORDESTE,50469
470,07/2020,NORDESTE,NORTE,598
471,07/2020,NORDESTE,SUDESTE,143
472,07/2020,NORTE / CENTRO OESTE,CENTRO OESTE,110427
473,07/2020,NORTE / CENTRO OESTE,NORDESTE,36010
474,07/2020,NORTE / CENTRO OESTE,NORTE,64710
475,07/2020,NORTE / CENTRO OESTE,SUDESTE,56077
476,07/2020,NORTE / CENTRO OESTE,SUL,5508
477,07/2020,SUDESTE,CENTRO OESTE,81
478,07/2020,SUDESTE,NORDESTE,2377
479,07/2020,SUDESTE,SUDESTE,51651
481,07/2020,SUL,SUDESTE,112747
482,07/2020,SUL,SUL,132575
483,08/2020,NORDESTE,NORDESTE,46225
484,08/2020,NORDESTE,NORTE,337
485,08/2020,NORDESTE,SUDESTE,134
486,08/2020,NORDESTE,SUL,24
487,08/2020,NORTE / CENTRO OESTE,CENTRO OESTE,90346
488,08/2020,NORTE / CENTRO OESTE,NORDESTE,45787
489,08/2020,NORTE / CENTRO OESTE,NORTE,55811
490,08/2020,NORTE / CENTRO OESTE,SUDESTE,53661
491,08/2020,NORTE / CENTRO OESTE,SUL,6346
492,08/2020,SUDESTE,CENTRO OESTE,2426
493,08/2020,SUDESTE,NORDESTE,3736
494,08/2020,SUDESTE,SUDESTE,49050
495,08/2020,SUL,CENTRO OESTE,424
496,08/2020,SUL,NORDESTE,404
497,08/2020,SUL,SUDESTE,131648
498,08/2020,SUL,SUL,129030
499,09/2020,NORDESTE,NORDESTE,42374
500,09/2020,NORDESTE,NORTE,1221
501,09/2020,NORTE / CENTRO OESTE,CENTRO OESTE,97997
502,09/2020,NORTE / CENTRO OESTE,NORDESTE,46948
503,09/2020,NORTE / CENTRO OESTE,NORTE,49595
504,09/2020,NORTE / CENTRO OESTE,SUDESTE,55546
505,09/2020,NORTE / CENTRO OESTE,SUL,1619
506,09/2020,SUDESTE,NORDESTE,1475
507,09/2020,SUDESTE,SUDESTE,41946
508,09/2020,SUL,NORDESTE,323
509,09/2020,SUL,SUDESTE,115758
510,09/2020,SUL,SUL,126192
511,10/2020,NORDESTE,NORDESTE,45790
512,10/2020,NORDESTE,NORTE,1051
513,10/2020,NORTE / CENTRO OESTE,CENTRO OESTE,93910
514,10/2020,NORTE / CENTRO OESTE,NORDESTE,51011
515,10/2020,NORTE / CENTRO OESTE,NORTE,44569
516,10/2020,NORTE / CENTRO OESTE,SUDESTE,54156
517,10/2020,NORTE / CENTRO OESTE,SUL,4509
518,10/2020,SUDESTE,CENTRO OESTE,190
519,10/2020,SUDESTE,NORDESTE,1856
520,10/2020,SUDESTE,SUDESTE,40866
521,10/2020,SUL,CENTRO OESTE,214
522,10/2020,SUL,NORDESTE,1129
523,10/2020,SUL,SUDESTE,113923
524,10/2020,SUL,SUL,130835
525,11/2020,NORDESTE,NORDESTE,34842
526,11/2020,NORDESTE,NORTE,154
527,11/2020,NORTE / CENTRO OESTE,CENTRO OESTE,81254
528,11/2020,NORTE / CENTRO OESTE,NORDESTE,40376
529,11/2020,NORTE / CENTRO OESTE,NORTE,41854
530,11/2020,NORTE / CENTRO OESTE,SUDESTE,35342
531,11/2020,NORTE / CENTRO OESTE,SUL,2891
532,11/2020,SUDESTE,CENTRO OESTE,2322
533,11/2020,SUDESTE,NORDESTE,5526
534,11/2020,SUDESTE,SUDESTE,31427
535,11/2020,SUL,CENTRO OESTE,180
536,11/2020,SUL,NORDESTE,287
537,11/2020,SUL,SUDESTE,116357
538,11/2020,SUL,SUL,127986
539,12/2020,NORDESTE,NORDESTE,31202
540,12/2020,NORTE / CENTRO OESTE,CENTRO OESTE,72348
541,12/2020,NORTE / CENTRO OESTE,NORDESTE,46513
542,12/2020,NORTE / CENTRO OESTE,NORTE,37420
543,12/2020,NORTE / CENTRO OESTE,SUDESTE,36893
544,12/2020,NORTE / CENTRO OESTE,SUL,774
545,12/2020,SUDESTE,CENTRO OESTE,2063
546,12/2020,SUDESTE,NORDESTE,6180
547,12/2020,SUDESTE,SUDESTE,30030
548,12/2020,SUL,CENTRO OESTE,420
549,12/2020,SUL,NORDESTE,347
550,12/2020,SUL,SUDESTE,113845
551,12/2020,SUL,SUL,110839
552,01/2021,NORDESTE,NORDESTE,34801
553,01/2021,NORTE / CENTRO OESTE,CENTRO OESTE,77837
554,01/2021,NORTE / CENTRO OESTE,NORDESTE,43882
555,01/2021,NORTE / CENTRO OESTE,NORTE,44674
556,01/2021,NORTE / CENTRO OESTE,SUDESTE,34611
557,01/2021,NORTE / CENTRO OESTE,SUL,283
558,01/2021,SUDESTE,CENTRO OESTE,312
559,01/2021,SUDESTE,NORDESTE,3732
560,01/2021,SUDESTE,SUDESTE,31721
561,01/2021,SUDESTE,SUL,183
562,01/2021,SUL,CENTRO OESTE,467
563,01/2021,SUL,SUDESTE,130742
564,01/2021,SUL,SUL,130148
565,02/2021,NORDESTE,NORDESTE,38231
566,02/2021,NORTE / CENTRO OESTE,CENTRO OESTE,87496
567,02/2021,NORTE / CENTRO OESTE,NORDESTE,45063
568,02/2021,NORTE / CENTRO OESTE,NORTE,50092
569,02/2021,NORTE / CENTRO OESTE,SUDESTE,38320
570,02/2021,NORTE / CENTRO OESTE,SUL,2015
571,02/2021,SUDESTE,CENTRO OESTE,200
572,02/2021,SUDESTE,NORDESTE,3695
573,02/2021,SUDESTE,SUDESTE,34221
574,02/2021,SUDESTE,SUL,494
575,02/2021,SUL,CENTRO OESTE,881
576,02/2021,SUL,SUDESTE,137808
577,02/2021,SUL,SUL,129577
578,03/2021,NORDESTE,CENTRO OESTE,937
579,03/2021,NORDESTE,NORDESTE,49566
580,03/2021,NORTE / CENTRO OESTE,CENTRO OESTE,98082
581,03/2021,NORTE / CENTRO OESTE,NORDESTE,34456
582,03/2021,NORTE / CENTRO OESTE,NORTE,50449
583,03/2021,NORTE / CENTRO OESTE,SUDESTE,62243
584,03/2021,NORTE / CENTRO OESTE,SUL,1514
585,03/2021,SUDESTE,CENTRO OESTE,275
586,03/2021,SUDESTE,NORDESTE,3671
587,03/2021,SUDESTE,SUDESTE,40155
588,03/2021,SUL,SUDESTE,135332
589,03/2021,SUL,SUL,171133
590,04/2021,NORDESTE,CENTRO OESTE,421
591,04/2021,NORDESTE,NORDESTE,48551
592,04/2021,NORDESTE,SUDESTE,852
593,04/2021,NORTE / CENTRO OESTE,CENTRO OESTE,82478
594,04/2021,NORTE / CENTRO OESTE,NORDESTE,42322
595,04/2021,NORTE / CENTRO OESTE,NORTE,48980
596,04/2021,NORTE / CENTRO OESTE,SUDESTE,76984
597,04/2021,NORTE / CENTRO OESTE,SUL,2401
598,04/2021,SUDESTE,CENTRO OESTE,330
599,04/2021,SUDESTE,NORDESTE,4369
600,04/2021,SUDESTE,SUDESTE,36714
601,04/2021,SUL,CENTRO OESTE,80
602,04/2021,SUL,NORDESTE,128
603,04/2021,SUL,SUDESTE,135389
604,04/2021,SUL,SUL,168076
605,05/2021,NORDESTE,CENTRO OESTE,222
606,05/2021,NORDESTE,NORDESTE,24654
607,05/2021,NORTE / CENTRO OESTE,CENTRO OESTE,77716
608,05/2021,NORTE / CENTRO OESTE,NORDESTE,35740
609,05/2021,NORTE / CENTRO OESTE,NORTE,41028
610,05/2021,NORTE / CENTRO OESTE,SUDESTE,48963
611,05/2021,NORTE / CENTRO OESTE,SUL,102
612,05/2021,SUDESTE,CENTRO OESTE,434
613,05/2021,SUDESTE,NORDESTE,799
614,05/2021,SUDESTE,SUDESTE,33645
615,05/2021,SUL,SUDESTE,120958
616,05/2021,SUL,SUL,120566
617,06/2021,NORDESTE,NORDESTE,27392
618,06/2021,NORDESTE,NORTE,57
619,06/2021,NORTE / CENTRO OESTE,CENTRO OESTE,83691
620,06/2021,NORTE / CENTRO OESTE,NORDESTE,37513
621,06/2021,NORTE / CENTRO OESTE,NORTE,38872
622,06/2021,NORTE / CENTRO OESTE,SUDESTE,50414
623,06/2021,NORTE / CENTRO OESTE,SUL,145
624,06/2021,SUDESTE,CENTRO OESTE,644
625,06/2021,SUDESTE,NORDESTE,794
626,06/2021,SUDESTE,SUDESTE,36391
627,06/2021,SUL,CENTRO OESTE,95
628,06/2021,SUL,SUDESTE,116451
629,06/2021,SUL,SUL,119013
630,07/2021,NORDESTE,NORDESTE,26637
631,07/2021,NORDESTE,NORTE,113
632,07/2021,NORDESTE,SUDESTE,309
633,07/2021,NORTE / CENTRO OESTE,CENTRO OESTE,87285
634,07/2021,NORTE / CENTRO OESTE,NORDESTE,51904
635,07/2021,NORTE / CENTRO OESTE,NORTE,45606
636,07/2021,NORTE / CENTRO OESTE,SUDESTE,56879
637,07/2021,NORTE / CENTRO OESTE,SUL,676
638,07/2021,SUDESTE,NORDESTE,3123
639,07/2021,SUDESTE,SUDESTE,20384
640,07/2021,SUL,SUDESTE,122240
641,07/2021,SUL,SUL,124703
642,08/2021,NORDESTE,NORDESTE,16707
643,08/2021,NORDESTE,SUDESTE,12570
644,08/2021,NORTE / CENTRO OESTE,CENTRO OESTE,109574
645,08/2021,NORTE / CENTRO OESTE,NORDESTE,28635
646,08/2021,NORTE / CENTRO OESTE,NORTE,40657
647,08/2021,NORTE / CENTRO OESTE,SUDESTE,62534
648,08/2021,NORTE / CENTRO OESTE,SUL,39
649,08/2021,SUDESTE,NORDESTE,649
650,08/2021,SUDESTE,SUDESTE,24507
651,08/2021,SUL,CENTRO OESTE,154
652,08/2021,SUL,SUDESTE,125019
653,08/2021,SUL,SUL,137785
654,09/2021,NORDESTE,CENTRO OESTE,42
655,09/2021,NORDESTE,NORDESTE,10375
656,09/2021,NORDESTE,NORTE,57
657,09/2021,NORDESTE,SUDESTE,34978
658,09/2021,NORTE / CENTRO OESTE,CENTRO OESTE,138632
659,09/2021,NORTE / CENTRO OESTE,NORDESTE,16354
660,09/2021,NORTE / CENTRO OESTE,NORTE,51222
661,09/2021,NORTE / CENTRO OESTE,SUDESTE,37216
662,09/2021,SUDESTE,CENTRO OESTE,2126
663,09/2021,SUDESTE,SUDESTE,41830
664,09/2021,SUL,SUDESTE,133483
665,09/2021,SUL,SUL,146527
666,10/2021,NORDESTE,NORDESTE,9143
667,10/2021,NORDESTE,NORTE,141
668,10/2021,NORDESTE,SUDESTE,36641
669,10/2021,NORTE / CENTRO OESTE,CENTRO OESTE,145918
670,10/2021,NORTE / CENTRO OESTE,NORDESTE,22123
671,10/2021,NORTE / CENTRO OESTE,NORTE,58755
672,10/2021,NORTE / CENTRO OESTE,SUDESTE,34694
673,10/2021,SUDESTE,CENTRO OESTE,2570
674,10/2021,SUDESTE,NORDESTE,55
675,10/2021,SUDESTE,SUDESTE,39869
676,10/2021,SUL,CENTRO OESTE,40
678,10/2021,SUL,SUDESTE,134006
679,10/2021,SUL,SUL,153035
680,11/2021,NORDESTE,NORDESTE,9221
681,11/2021,NORDESTE,SUDESTE,25540
682,11/2021,NORTE / CENTRO OESTE,CENTRO OESTE,118936
683,11/2021,NORTE / CENTRO OESTE,NORDESTE,14804
684,11/2021,NORTE / CENTRO OESTE,NORTE,43751
685,11/2021,NORTE / CENTRO OESTE,SUDESTE,24597
686,11/2021,SUDESTE,NORTE,42
687,11/2021,SUDESTE,SUDESTE,29369
688,11/2021,SUDESTE,SUL,0
689,11/2021,SUL,CENTRO OESTE,983
690,11/2021,SUL,SUDESTE,120863
691,11/2021,SUL,SUL,130989
692,12/2021,NORDESTE,CENTRO OESTE,622
693,12/2021,NORDESTE,NORDESTE,11221
694,12/2021,NORDESTE,NORTE,331
695,12/2021,NORDESTE,SUDESTE,27797
696,12/2021,NORTE / CENTRO OESTE,CENTRO OESTE,96962
697,12/2021,NORTE / CENTRO OESTE,NORDESTE,14223
698,12/2021,NORTE / CENTRO OESTE,NORTE,50048
699,12/2021,NORTE / CENTRO OESTE,SUDESTE,30957
700,12/2021,SUDESTE,CENTRO OESTE,791
701,12/2021,SUDESTE,SUDESTE,31561
702,12/2021,SUL,CENTRO OESTE,801
703,12/2021,SUL,SUDESTE,122799
704,12/2021,SUL,SUL,136546
705,01/2022,NORDESTE,NORDESTE,39091
706,01/2022,NORDESTE,SUDESTE,992
707,01/2022,NORTE / CENTRO OESTE,CENTRO OESTE,49962
708,01/2022,NORTE / CENTRO OESTE,NORDESTE,21028
709,01/2022,NORTE / CENTRO OESTE,NORTE,53562
710,01/2022,NORTE / CENTRO OESTE,SUDESTE,34643
711,01/2022,NORTE / CENTRO OESTE,SUL,979
712,01/2022,SUDESTE,CENTRO OESTE,1387
713,01/2022,SUDESTE,NORDESTE,3364
714,01/2022,SUDESTE,SUDESTE,26576
715,01/2022,SUDESTE,SUL,5167
716,01/2022,SUL,CENTRO OESTE,1941
718,01/2022,SUL,SUDESTE,83814
719,01/2022,SUL,SUL,103205
720,02/2022,NORDESTE,NORDESTE,42374
721,02/2022,NORDESTE,SUDESTE,1585
722,02/2022,NORTE / CENTRO OESTE,CENTRO OESTE,71914
723,02/2022,NORTE / CENTRO OESTE,NORDESTE,18357
724,02/2022,NORTE / CENTRO OESTE,NORTE,56829
725,02/2022,NORTE / CENTRO OESTE,SUDESTE,42947
726,02/2022,NORTE / CENTRO OESTE,SUL,1135
727,02/2022,SUDESTE,CENTRO OESTE,2246
728,02/2022,SUDESTE,NORDESTE,3161
729,02/2022,SUDESTE,SUDESTE,30076
730,02/2022,SUL,CENTRO OESTE,2872
731,02/2022,SUL,NORTE,540
732,02/2022,SUL,SUDESTE,94287
733,02/2022,SUL,SUL,107703
734,03/2022,NORDESTE,NORDESTE,43368
735,03/2022,NORTE / CENTRO OESTE,CENTRO OESTE,66789
736,03/2022,NORTE / CENTRO OESTE,NORDESTE,27838
737,03/2022,NORTE / CENTRO OESTE,NORTE,49762
738,03/2022,NORTE / CENTRO OESTE,SUDESTE,49409
739,03/2022,NORTE / CENTRO OESTE,SUL,1473
740,03/2022,SUDESTE,CENTRO OESTE,286
741,03/2022,SUDESTE,NORDESTE,2866
742,03/2022,SUDESTE,SUDESTE,31721
743,03/2022,SUDESTE,SUL,425
744,03/2022,SUL,CENTRO OESTE,4553
745,03/2022,SUL,NORTE,1197
746,03/2022,SUL,SUDESTE,101819
747,03/2022,SUL,SUL,110458
